[
  {
    "id": "3060ff76-a343-477d-99e7-d48962f86fed",
    "data": [
      {
        "text": "What\u0027s the status of ",
        "userDefined": false
      },
      {
        "text": "France",
        "alias": "country",
        "meta": "@sys.geo-country",
        "userDefined": false
      },
      {
        "text": "?",
        "userDefined": false
      }
    ],
    "isTemplate": false,
    "count": 0,
    "updated": 0
  },
  {
    "id": "1cef9135-d697-4365-b6ea-526de4a5841d",
    "data": [
      {
        "text": "What\u0027s the numbers of ",
        "userDefined": false
      },
      {
        "text": "USA",
        "alias": "country",
        "meta": "@sys.geo-country",
        "userDefined": false
      },
      {
        "text": "?",
        "userDefined": false
      }
    ],
    "isTemplate": false,
    "count": 0,
    "updated": 0
  },
  {
    "id": "18b0b7ac-a57f-4770-b573-b5db6f9e8d54",
    "data": [
      {
        "text": "How is ",
        "userDefined": false
      },
      {
        "text": "Italy",
        "alias": "country",
        "meta": "@sys.geo-country",
        "userDefined": false
      },
      {
        "text": " doing ",
        "userDefined": false
      },
      {
        "text": "yesterday",
        "alias": "date",
        "meta": "@sys.date-time",
        "userDefined": false
      },
      {
        "text": " against the virus?",
        "userDefined": false
      }
    ],
    "isTemplate": false,
    "count": 0,
    "updated": 0
  },
  {
    "id": "0d5b2690-80c3-41e8-a814-377013acc9f7",
    "data": [
      {
        "text": "what\u0027s the number of covid cases increased ",
        "userDefined": false
      },
      {
        "text": "today",
        "alias": "date",
        "meta": "@sys.date-time",
        "userDefined": false
      },
      {
        "text": " in ",
        "userDefined": false
      },
      {
        "text": "Germany",
        "alias": "country",
        "meta": "@sys.geo-country",
        "userDefined": false
      },
      {
        "text": "?",
        "userDefined": false
      }
    ],
    "isTemplate": false,
    "count": 0,
    "updated": 0
  },
  {
    "id": "21fd5483-ca2a-4514-97cf-3cb22882f250",
    "data": [
      {
        "text": "How many people are infected by virus in the ",
        "userDefined": false
      },
      {
        "text": "US",
        "alias": "country",
        "meta": "@sys.geo-country",
        "userDefined": true
      },
      {
        "text": " today?",
        "userDefined": false
      }
    ],
    "isTemplate": false,
    "count": 0,
    "updated": 0
  },
  {
    "id": "2828052c-4810-4c67-b6d2-10ed05f2fe93",
    "data": [
      {
        "text": "How\u0027s ",
        "userDefined": false
      },
      {
        "text": "Singapore",
        "alias": "country",
        "meta": "@sys.geo-country",
        "userDefined": false
      },
      {
        "text": "\u0027s corona virus situation ",
        "userDefined": false
      },
      {
        "text": "today",
        "alias": "date",
        "meta": "@sys.date-time",
        "userDefined": true
      },
      {
        "text": "?",
        "userDefined": false
      }
    ],
    "isTemplate": false,
    "count": 0,
    "updated": 0
  },
  {
    "id": "1c03a14b-a6dc-4769-8a54-aaa67d866d6d",
    "data": [
      {
        "text": "what\u0027s the covid status in ",
        "userDefined": false
      },
      {
        "text": "China",
        "alias": "country",
        "meta": "@sys.geo-country",
        "userDefined": false
      },
      {
        "text": "?",
        "userDefined": false
      }
    ],
    "isTemplate": false,
    "count": 0,
    "updated": 0
  }
]