[
  {
    "id": "350b141a-6b45-449a-883c-ae7e24587928",
    "data": [
      {
        "text": "check uploads",
        "userDefined": false
      }
    ],
    "isTemplate": false,
    "count": 0,
    "updated": 0
  },
  {
    "id": "27f46c96-6f97-48ba-85a3-58d21b375d76",
    "data": [
      {
        "text": "check my uploads",
        "userDefined": false
      }
    ],
    "isTemplate": false,
    "count": 0,
    "updated": 0
  },
  {
    "id": "62ea0331-b8fb-4e10-882e-50aa2b6f2a20",
    "data": [
      {
        "text": "Check Record",
        "userDefined": false
      }
    ],
    "isTemplate": false,
    "count": 0,
    "updated": 0
  },
  {
    "id": "08dec456-f52d-45fb-85af-eabdd01cae3e",
    "data": [
      {
        "text": "Check my records",
        "userDefined": false
      }
    ],
    "isTemplate": false,
    "count": 0,
    "updated": 0
  },
  {
    "id": "bcf7cef7-0db7-4bb8-ad39-a2d92340a485",
    "data": [
      {
        "text": "check my record",
        "userDefined": false
      }
    ],
    "isTemplate": false,
    "count": 0,
    "updated": 0
  }
]