[
  {
    "id": "28093161-9e82-4e3a-b9ff-a1911cbb66db",
    "data": [
      {
        "text": "check uploads",
        "userDefined": false
      }
    ],
    "isTemplate": false,
    "count": 0,
    "updated": 0
  },
  {
    "id": "322863d9-779e-4a1c-a70c-f23bfa3083b4",
    "data": [
      {
        "text": "check my uploads",
        "userDefined": false
      }
    ],
    "isTemplate": false,
    "count": 0,
    "updated": 0
  },
  {
    "id": "55606757-4686-426a-9cd4-2e77601f6d4b",
    "data": [
      {
        "text": "Check Record",
        "userDefined": false
      }
    ],
    "isTemplate": false,
    "count": 0,
    "updated": 0
  },
  {
    "id": "127a5e7a-507b-4b37-a4d0-1b4a16cb336e",
    "data": [
      {
        "text": "Check my records",
        "userDefined": false
      }
    ],
    "isTemplate": false,
    "count": 0,
    "updated": 0
  },
  {
    "id": "bd76e096-00d8-4273-b22e-d73a62090e3f",
    "data": [
      {
        "text": "check my record",
        "userDefined": false
      }
    ],
    "isTemplate": false,
    "count": 0,
    "updated": 0
  }
]