[
  {
    "id": "1975e2d6-d527-40b8-8d26-ba7b4f539f6e",
    "data": [
      {
        "text": "check uploads",
        "userDefined": false
      }
    ],
    "isTemplate": false,
    "count": 0,
    "updated": 0
  },
  {
    "id": "caf1e4ba-6c31-4b11-ac03-6a3ec9f393e0",
    "data": [
      {
        "text": "check my uploads",
        "userDefined": false
      }
    ],
    "isTemplate": false,
    "count": 0,
    "updated": 0
  },
  {
    "id": "ea8b9d8d-d2d5-4950-8da4-e3a176646347",
    "data": [
      {
        "text": "Check Record",
        "userDefined": false
      }
    ],
    "isTemplate": false,
    "count": 0,
    "updated": 0
  },
  {
    "id": "01fba2e0-01e9-4d7a-902d-3a0984045833",
    "data": [
      {
        "text": "Check my records",
        "userDefined": false
      }
    ],
    "isTemplate": false,
    "count": 0,
    "updated": 0
  },
  {
    "id": "cd503a84-43bf-4abf-8340-8afdea87cf8b",
    "data": [
      {
        "text": "check my record",
        "userDefined": false
      }
    ],
    "isTemplate": false,
    "count": 0,
    "updated": 0
  }
]