[
  {
    "id": "9b2ae3dd-2d42-4219-a387-a096eab0291b",
    "data": [
      {
        "text": "just going to say hi",
        "userDefined": false
      }
    ],
    "isTemplate": false,
    "count": 0,
    "updated": 0
  },
  {
    "id": "d02613ad-c846-4ffc-bb22-38a8a7db6d8d",
    "data": [
      {
        "text": "heya",
        "userDefined": false
      }
    ],
    "isTemplate": false,
    "count": 0,
    "updated": 0
  },
  {
    "id": "a87cc776-d2e1-4a19-ad8d-5493bd406aab",
    "data": [
      {
        "text": "hello hi",
        "userDefined": false
      }
    ],
    "isTemplate": false,
    "count": 0,
    "updated": 0
  },
  {
    "id": "00e8740c-c8c1-4dcf-945b-8866225bdb4b",
    "data": [
      {
        "text": "howdy",
        "userDefined": false
      }
    ],
    "isTemplate": false,
    "count": 0,
    "updated": 0
  },
  {
    "id": "2164f42b-e41e-4d33-83fe-4e98e2e00b3a",
    "data": [
      {
        "text": "hey there",
        "userDefined": false
      }
    ],
    "isTemplate": false,
    "count": 0,
    "updated": 0
  },
  {
    "id": "d60bfd48-2ded-441e-9477-7b8339ceb9fc",
    "data": [
      {
        "text": "hi there",
        "userDefined": false
      }
    ],
    "isTemplate": false,
    "count": 1,
    "updated": 0
  },
  {
    "id": "c804295e-5de5-4e75-857b-9c18d1ae76c4",
    "data": [
      {
        "text": "greetings",
        "userDefined": false
      }
    ],
    "isTemplate": false,
    "count": 0,
    "updated": 0
  },
  {
    "id": "57a4bfe2-fa94-4f59-a446-b98edb246935",
    "data": [
      {
        "text": "hey",
        "userDefined": false
      }
    ],
    "isTemplate": false,
    "count": 0,
    "updated": 0
  },
  {
    "id": "b2cb2470-58fc-47de-95ec-22172e8e1f87",
    "data": [
      {
        "text": "long time no see",
        "userDefined": false
      }
    ],
    "isTemplate": false,
    "count": 0,
    "updated": 0
  },
  {
    "id": "e6fc7379-ddf0-408a-a827-1897e8eac942",
    "data": [
      {
        "text": "hello",
        "userDefined": false
      }
    ],
    "isTemplate": false,
    "count": 0,
    "updated": 0
  },
  {
    "id": "6433f658-4ac5-4a36-a69b-ea719d8ef77c",
    "data": [
      {
        "text": "lovely day isn\u0027t it",
        "userDefined": false
      }
    ],
    "isTemplate": false,
    "count": 0,
    "updated": 0
  },
  {
    "id": "3cdaba2d-bef9-414d-88cf-d6aee2b0a8ab",
    "data": [
      {
        "text": "I greet you",
        "userDefined": false
      }
    ],
    "isTemplate": false,
    "count": 0,
    "updated": 0
  },
  {
    "id": "e5119ca2-8cfa-41a0-8a36-5ff30e0b5cef",
    "data": [
      {
        "text": "hello again",
        "userDefined": false
      }
    ],
    "isTemplate": false,
    "count": 0,
    "updated": 0
  },
  {
    "id": "90a141f3-f7a7-414b-9298-d6cfe18934be",
    "data": [
      {
        "text": "hi",
        "userDefined": false
      }
    ],
    "isTemplate": false,
    "count": 0,
    "updated": 0
  },
  {
    "id": "1c94e971-2363-48a7-963f-43d6abcc48a8",
    "data": [
      {
        "text": "hello there",
        "userDefined": false
      }
    ],
    "isTemplate": false,
    "count": 0,
    "updated": 0
  },
  {
    "id": "23e74329-9a76-4a73-92e3-b979b328b3f9",
    "data": [
      {
        "text": "a good day",
        "userDefined": false
      }
    ],
    "isTemplate": false,
    "count": 0,
    "updated": 0
  }
]