[
  {
    "id": "6ff4ca9e-7233-4de6-b354-0f3bba80f529",
    "data": [
      {
        "text": "c@gmail.com",
        "alias": "email",
        "meta": "@sys.email",
        "userDefined": true
      }
    ],
    "isTemplate": false,
    "count": 0,
    "updated": 0
  },
  {
    "id": "0ee94b2f-a845-4164-b97f-55a49dc4a17b",
    "data": [
      {
        "text": "bbbbb@hotmail.com",
        "alias": "email",
        "meta": "@sys.email",
        "userDefined": true
      }
    ],
    "isTemplate": false,
    "count": 0,
    "updated": 0
  },
  {
    "id": "b8073bef-fde5-49ac-a598-5fd0e0adce64",
    "data": [
      {
        "text": "aaa@bbb.com",
        "alias": "email",
        "meta": "@sys.email",
        "userDefined": true
      }
    ],
    "isTemplate": false,
    "count": 0,
    "updated": 0
  }
]