[
  {
    "id": "61fa1f13-3b3d-4c05-9600-d0cef9980822",
    "data": [
      {
        "text": "c@gmail.com",
        "alias": "email",
        "meta": "@sys.email",
        "userDefined": true
      }
    ],
    "isTemplate": false,
    "count": 0,
    "updated": 0
  },
  {
    "id": "c3850c8d-2173-4eff-a25e-53347d4731c5",
    "data": [
      {
        "text": "bbbbb@hotmail.com",
        "alias": "email",
        "meta": "@sys.email",
        "userDefined": true
      }
    ],
    "isTemplate": false,
    "count": 0,
    "updated": 0
  },
  {
    "id": "f3f74ec6-bf73-43b5-a1e4-bd86efd6a2fe",
    "data": [
      {
        "text": "aaa@bbb.com",
        "alias": "email",
        "meta": "@sys.email",
        "userDefined": true
      }
    ],
    "isTemplate": false,
    "count": 0,
    "updated": 0
  }
]