[
  {
    "id": "1c57ff94-0bf0-4ad2-9101-47f415909972",
    "data": [
      {
        "text": "France",
        "alias": "country",
        "meta": "@sys.geo-country",
        "userDefined": false
      }
    ],
    "isTemplate": false,
    "count": 0,
    "updated": 0
  },
  {
    "id": "d7e6dc3f-df75-4681-b027-2e74b66f4cc4",
    "data": [
      {
        "text": "The ",
        "userDefined": false
      },
      {
        "text": "USA",
        "alias": "country",
        "meta": "@sys.geo-country",
        "userDefined": false
      }
    ],
    "isTemplate": false,
    "count": 0,
    "updated": 0
  },
  {
    "id": "b09819d4-a60f-48d0-aa67-0f84c3042083",
    "data": [
      {
        "text": "UK",
        "alias": "country",
        "meta": "@sys.geo-country",
        "userDefined": false
      }
    ],
    "isTemplate": false,
    "count": 0,
    "updated": 0
  },
  {
    "id": "4c3099c4-e7c5-4ce4-9d01-47771c17ab4d",
    "data": [
      {
        "text": "Germany",
        "alias": "country",
        "meta": "@sys.geo-country",
        "userDefined": true
      }
    ],
    "isTemplate": false,
    "count": 0,
    "updated": 0
  },
  {
    "id": "2b862071-cd00-4323-b158-7512e61e332b",
    "data": [
      {
        "text": "Singapore",
        "alias": "country",
        "meta": "@sys.geo-country",
        "userDefined": false
      }
    ],
    "isTemplate": false,
    "count": 0,
    "updated": 0
  },
  {
    "id": "f53ab529-e820-4782-bf74-1f22bcc2b825",
    "data": [
      {
        "text": "China",
        "alias": "country",
        "meta": "@sys.geo-country",
        "userDefined": false
      }
    ],
    "isTemplate": false,
    "count": 0,
    "updated": 0
  }
]