[
  {
    "id": "c8f25aac-87a8-4917-8013-35a1309ce4a9",
    "data": [
      {
        "text": "yes",
        "alias": "symp",
        "meta": "@sys.any",
        "userDefined": true
      }
    ],
    "isTemplate": false,
    "count": 0,
    "updated": 0
  },
  {
    "id": "e29cd5ff-3407-4f73-8a35-a4758b876156",
    "data": [
      {
        "text": "Yup",
        "alias": "symp",
        "meta": "@sys.any",
        "userDefined": true
      }
    ],
    "isTemplate": false,
    "count": 0,
    "updated": 0
  },
  {
    "id": "6207b476-ee61-4ad8-b8c9-38464ce1053b",
    "data": [
      {
        "text": "Yes",
        "alias": "symp",
        "meta": "@sys.any",
        "userDefined": true
      },
      {
        "text": ", I have",
        "userDefined": false
      }
    ],
    "isTemplate": false,
    "count": 0,
    "updated": 0
  },
  {
    "id": "5afd7e0c-30ba-4414-9962-22fdce7ee438",
    "data": [
      {
        "text": "No",
        "alias": "symp",
        "meta": "@sys.any",
        "userDefined": true
      },
      {
        "text": ", I don\u0027t",
        "userDefined": false
      }
    ],
    "isTemplate": false,
    "count": 0,
    "updated": 0
  },
  {
    "id": "1311cbdb-31d5-49c5-be5c-ad32525dea62",
    "data": [
      {
        "text": "Nope",
        "alias": "symp",
        "meta": "@sys.any",
        "userDefined": true
      }
    ],
    "isTemplate": false,
    "count": 0,
    "updated": 0
  },
  {
    "id": "c16c2c06-4315-47cb-a7be-4bf5f4873730",
    "data": [
      {
        "text": "No",
        "alias": "symp",
        "meta": "@sys.any",
        "userDefined": true
      }
    ],
    "isTemplate": false,
    "count": 0,
    "updated": 0
  }
]