[
  {
    "id": "32e918ac-f477-40e2-91e3-1fba8caad4e4",
    "data": [
      {
        "text": "English",
        "alias": "language",
        "meta": "@sys.language",
        "userDefined": true
      },
      {
        "text": ",",
        "userDefined": false
      },
      {
        "text": "Chinese",
        "alias": "language",
        "meta": "@sys.language",
        "userDefined": true
      }
    ],
    "isTemplate": false,
    "count": 0,
    "updated": 0
  },
  {
    "id": "41ffb042-805f-4b6e-b87c-09d5d6218b35",
    "data": [
      {
        "text": "Chinese",
        "alias": "language",
        "meta": "@sys.language",
        "userDefined": true
      },
      {
        "text": ", ",
        "userDefined": false
      },
      {
        "text": "English",
        "alias": "language",
        "meta": "@sys.language",
        "userDefined": true
      }
    ],
    "isTemplate": false,
    "count": 0,
    "updated": 0
  },
  {
    "id": "ac0566ad-5872-4a6e-a40e-e1ff40f25a86",
    "data": [
      {
        "text": "English",
        "alias": "language",
        "meta": "@sys.language",
        "userDefined": true
      }
    ],
    "isTemplate": false,
    "count": 0,
    "updated": 0
  },
  {
    "id": "f1ba6e70-da81-4372-966d-bd793437187c",
    "data": [
      {
        "text": "Chinese",
        "alias": "language",
        "meta": "@sys.language",
        "userDefined": true
      }
    ],
    "isTemplate": false,
    "count": 0,
    "updated": 0
  }
]