[
  {
    "id": "35757c2b-12a0-4ad6-9223-036944453cc6",
    "data": [
      {
        "text": "my ",
        "userDefined": false
      },
      {
        "text": "temperature",
        "meta": "@sys.ignore",
        "userDefined": false
      },
      {
        "text": " is ",
        "userDefined": false
      },
      {
        "text": "36.2",
        "alias": "temp",
        "meta": "@sys.number",
        "userDefined": false
      }
    ],
    "isTemplate": false,
    "count": 0,
    "updated": 0
  },
  {
    "id": "080fed37-c639-4ec6-9b86-ccddfd9ce72e",
    "data": [
      {
        "text": "37.1",
        "alias": "temp",
        "meta": "@sys.number",
        "userDefined": true
      },
      {
        "text": " degree",
        "userDefined": false
      }
    ],
    "isTemplate": false,
    "count": 0,
    "updated": 0
  },
  {
    "id": "dad3c289-fb2f-41ed-bddc-6094b1f310d4",
    "data": [
      {
        "text": "37",
        "alias": "temp",
        "meta": "@sys.number",
        "userDefined": false
      },
      {
        "text": " degree",
        "userDefined": false
      }
    ],
    "isTemplate": false,
    "count": 0,
    "updated": 0
  },
  {
    "id": "ca3a27a2-f4b5-429b-a902-c9bc9a6ebdb0",
    "data": [
      {
        "text": "36.7",
        "alias": "temp",
        "meta": "@sys.number",
        "userDefined": false
      }
    ],
    "isTemplate": false,
    "count": 0,
    "updated": 0
  }
]