[
  {
    "id": "7a793224-a260-49b2-a7ee-e0551233c8d0",
    "data": [
      {
        "text": "my ",
        "userDefined": false
      },
      {
        "text": "temperature",
        "meta": "@sys.ignore",
        "userDefined": false
      },
      {
        "text": " is ",
        "userDefined": false
      },
      {
        "text": "36.2",
        "alias": "temp",
        "meta": "@sys.number",
        "userDefined": false
      }
    ],
    "isTemplate": false,
    "count": 0,
    "updated": 0
  },
  {
    "id": "a6009d9d-c32d-4556-b6b3-4671d644183a",
    "data": [
      {
        "text": "37.1",
        "alias": "temp",
        "meta": "@sys.number",
        "userDefined": true
      },
      {
        "text": " degree",
        "userDefined": false
      }
    ],
    "isTemplate": false,
    "count": 0,
    "updated": 0
  },
  {
    "id": "4c32b975-581e-4703-974d-bda70c2f19a4",
    "data": [
      {
        "text": "37",
        "alias": "temp",
        "meta": "@sys.number",
        "userDefined": false
      },
      {
        "text": " degree",
        "userDefined": false
      }
    ],
    "isTemplate": false,
    "count": 0,
    "updated": 0
  },
  {
    "id": "22a04561-e132-44c2-b647-1edb94a10453",
    "data": [
      {
        "text": "36.7",
        "alias": "temp",
        "meta": "@sys.number",
        "userDefined": false
      }
    ],
    "isTemplate": false,
    "count": 0,
    "updated": 0
  }
]