[
  {
    "id": "5f7c24e1-23a3-414c-8b1b-51a882a3caec",
    "data": [
      {
        "text": "my ",
        "userDefined": false
      },
      {
        "text": "temperature",
        "meta": "@sys.ignore",
        "userDefined": false
      },
      {
        "text": " is ",
        "userDefined": false
      },
      {
        "text": "36.2",
        "alias": "temp",
        "meta": "@sys.number",
        "userDefined": false
      }
    ],
    "isTemplate": false,
    "count": 0,
    "updated": 0
  },
  {
    "id": "1f16a1f7-0983-4524-a4bf-8831187b7356",
    "data": [
      {
        "text": "37.1",
        "alias": "temp",
        "meta": "@sys.number",
        "userDefined": true
      },
      {
        "text": " degree",
        "userDefined": false
      }
    ],
    "isTemplate": false,
    "count": 0,
    "updated": 0
  },
  {
    "id": "f4831def-4dc9-468a-96b2-d4a525042b39",
    "data": [
      {
        "text": "37",
        "alias": "temp",
        "meta": "@sys.number",
        "userDefined": false
      },
      {
        "text": " degree",
        "userDefined": false
      }
    ],
    "isTemplate": false,
    "count": 0,
    "updated": 0
  },
  {
    "id": "648a8e3c-8247-4dfb-a331-9d9acaddf1e7",
    "data": [
      {
        "text": "36.7",
        "alias": "temp",
        "meta": "@sys.number",
        "userDefined": false
      }
    ],
    "isTemplate": false,
    "count": 0,
    "updated": 0
  }
]