[
  {
    "id": "07f5b85f-b3f3-47c5-bcb4-33cec28b14c0",
    "data": [
      {
        "text": "France",
        "alias": "country",
        "meta": "@sys.geo-country",
        "userDefined": false
      }
    ],
    "isTemplate": false,
    "count": 0,
    "updated": 0
  },
  {
    "id": "0ecfea58-01e7-4ac7-b947-d2d44317459a",
    "data": [
      {
        "text": "The ",
        "userDefined": false
      },
      {
        "text": "USA",
        "alias": "country",
        "meta": "@sys.geo-country",
        "userDefined": false
      }
    ],
    "isTemplate": false,
    "count": 0,
    "updated": 0
  },
  {
    "id": "ec433137-43d0-4a2c-bf4c-ddf809d2717b",
    "data": [
      {
        "text": "UK",
        "alias": "country",
        "meta": "@sys.geo-country",
        "userDefined": false
      }
    ],
    "isTemplate": false,
    "count": 0,
    "updated": 0
  },
  {
    "id": "77fc0793-79df-49a4-8861-b2a10211bea2",
    "data": [
      {
        "text": "Germany",
        "alias": "country",
        "meta": "@sys.geo-country",
        "userDefined": true
      }
    ],
    "isTemplate": false,
    "count": 0,
    "updated": 0
  },
  {
    "id": "426311e9-3bf0-4612-aac5-bbd4ab386e0a",
    "data": [
      {
        "text": "Singapore",
        "alias": "country",
        "meta": "@sys.geo-country",
        "userDefined": false
      }
    ],
    "isTemplate": false,
    "count": 0,
    "updated": 0
  },
  {
    "id": "d89afa2e-ce51-44c1-b465-076b829aa598",
    "data": [
      {
        "text": "China",
        "alias": "country",
        "meta": "@sys.geo-country",
        "userDefined": false
      }
    ],
    "isTemplate": false,
    "count": 0,
    "updated": 0
  }
]