[
  {
    "id": "2c42aceb-f1bf-43a6-924d-cec6020b3ae1",
    "data": [
      {
        "text": "English",
        "alias": "language",
        "meta": "@sys.language",
        "userDefined": true
      },
      {
        "text": ",",
        "userDefined": false
      },
      {
        "text": "Chinese",
        "alias": "language",
        "meta": "@sys.language",
        "userDefined": true
      }
    ],
    "isTemplate": false,
    "count": 0,
    "updated": 0
  },
  {
    "id": "6901485d-8d54-43ba-96d7-898be26295ee",
    "data": [
      {
        "text": "Chinese",
        "alias": "language",
        "meta": "@sys.language",
        "userDefined": true
      },
      {
        "text": ", ",
        "userDefined": false
      },
      {
        "text": "English",
        "alias": "language",
        "meta": "@sys.language",
        "userDefined": true
      }
    ],
    "isTemplate": false,
    "count": 0,
    "updated": 0
  },
  {
    "id": "01c0aabf-23c3-48d1-b325-0255c55a304b",
    "data": [
      {
        "text": "English",
        "alias": "language",
        "meta": "@sys.language",
        "userDefined": true
      }
    ],
    "isTemplate": false,
    "count": 0,
    "updated": 0
  },
  {
    "id": "79c9a83d-854c-4e82-9b4d-429c0ff964a9",
    "data": [
      {
        "text": "Chinese",
        "alias": "language",
        "meta": "@sys.language",
        "userDefined": true
      }
    ],
    "isTemplate": false,
    "count": 0,
    "updated": 0
  }
]