[
  {
    "id": "c294da45-f41f-47bd-b866-be7beead4ee9",
    "data": [
      {
        "text": "English",
        "alias": "language",
        "meta": "@sys.language",
        "userDefined": true
      },
      {
        "text": ",",
        "userDefined": false
      },
      {
        "text": "Chinese",
        "alias": "language",
        "meta": "@sys.language",
        "userDefined": true
      }
    ],
    "isTemplate": false,
    "count": 0,
    "updated": 0
  },
  {
    "id": "219cc5e8-590b-4dd7-a20b-6c4ccd78bb76",
    "data": [
      {
        "text": "Chinese",
        "alias": "language",
        "meta": "@sys.language",
        "userDefined": true
      },
      {
        "text": ", ",
        "userDefined": false
      },
      {
        "text": "English",
        "alias": "language",
        "meta": "@sys.language",
        "userDefined": true
      }
    ],
    "isTemplate": false,
    "count": 0,
    "updated": 0
  },
  {
    "id": "40ae13c6-75ba-4a9a-88c9-88b5a60eb028",
    "data": [
      {
        "text": "English",
        "alias": "language",
        "meta": "@sys.language",
        "userDefined": true
      }
    ],
    "isTemplate": false,
    "count": 0,
    "updated": 0
  },
  {
    "id": "8f057f1b-8310-44b0-9e98-16d8cf8e218d",
    "data": [
      {
        "text": "Chinese",
        "alias": "language",
        "meta": "@sys.language",
        "userDefined": true
      }
    ],
    "isTemplate": false,
    "count": 0,
    "updated": 0
  }
]