[
  {
    "id": "a13dc242-87e8-4401-b98f-db3f869c846d",
    "data": [
      {
        "text": "c@gmail.com",
        "alias": "email",
        "meta": "@sys.email",
        "userDefined": true
      }
    ],
    "isTemplate": false,
    "count": 0,
    "updated": 0
  },
  {
    "id": "df1ab908-9c8a-4c8f-9237-9e171a893a3e",
    "data": [
      {
        "text": "bbbbb@hotmail.com",
        "alias": "email",
        "meta": "@sys.email",
        "userDefined": true
      }
    ],
    "isTemplate": false,
    "count": 0,
    "updated": 0
  },
  {
    "id": "e7a3b680-ee4f-4a51-aebf-5d1a91093b00",
    "data": [
      {
        "text": "aaa@bbb.com",
        "alias": "email",
        "meta": "@sys.email",
        "userDefined": true
      }
    ],
    "isTemplate": false,
    "count": 0,
    "updated": 0
  }
]