[
  {
    "id": "afc3ff88-6d30-4a9d-8bf7-35df4078ba0f",
    "data": [
      {
        "text": "Latest ",
        "userDefined": false
      },
      {
        "text": "news",
        "alias": "any",
        "meta": "@sys.any",
        "userDefined": true
      }
    ],
    "isTemplate": false,
    "count": 0,
    "updated": 0
  },
  {
    "id": "84e8df68-9b41-40e7-9ec7-2b6b37266942",
    "data": [
      {
        "text": "News",
        "alias": "any",
        "meta": "@sys.any",
        "userDefined": true
      }
    ],
    "isTemplate": false,
    "count": 0,
    "updated": 0
  },
  {
    "id": "829ffd21-84f9-4e88-8c06-b9a72499d1c9",
    "data": [
      {
        "text": "News",
        "alias": "any",
        "meta": "@sys.any",
        "userDefined": true
      },
      {
        "text": "?",
        "userDefined": false
      }
    ],
    "isTemplate": false,
    "count": 0,
    "updated": 0
  },
  {
    "id": "e89df81f-47ff-4f03-975e-10be1433cd91",
    "data": [
      {
        "text": "Any ",
        "userDefined": false
      },
      {
        "text": "news",
        "alias": "any",
        "meta": "@sys.any",
        "userDefined": true
      },
      {
        "text": "?",
        "userDefined": false
      }
    ],
    "isTemplate": false,
    "count": 0,
    "updated": 0
  },
  {
    "id": "bbde42ee-e59f-4783-a56d-067f07c05253",
    "data": [
      {
        "text": "Any ",
        "userDefined": false
      },
      {
        "text": "news",
        "alias": "any",
        "meta": "@sys.any",
        "userDefined": true
      },
      {
        "text": " ",
        "userDefined": false
      },
      {
        "text": "today",
        "alias": "date-time",
        "meta": "@sys.date-time",
        "userDefined": false
      },
      {
        "text": "?",
        "userDefined": false
      }
    ],
    "isTemplate": false,
    "count": 0,
    "updated": 0
  },
  {
    "id": "0ac90b45-9475-41f0-825f-228e5125c8ac",
    "data": [
      {
        "text": "Is there any ",
        "userDefined": false
      },
      {
        "text": "news",
        "alias": "any",
        "meta": "@sys.any",
        "userDefined": true
      },
      {
        "text": "?",
        "userDefined": false
      }
    ],
    "isTemplate": false,
    "count": 0,
    "updated": 0
  },
  {
    "id": "53922bac-5884-4e17-9324-7e354f433465",
    "data": [
      {
        "text": "What\u0027s the ",
        "userDefined": false
      },
      {
        "text": "news",
        "alias": "any",
        "meta": "@sys.any",
        "userDefined": true
      },
      {
        "text": " today?",
        "userDefined": false
      }
    ],
    "isTemplate": false,
    "count": 0,
    "updated": 0
  },
  {
    "id": "bcde4f5a-f066-4808-a481-133f90ae74d6",
    "data": [
      {
        "text": "Today\u0027s",
        "alias": "date-time",
        "meta": "@sys.date-time",
        "userDefined": false
      },
      {
        "text": " ",
        "userDefined": false
      },
      {
        "text": "news",
        "alias": "any",
        "meta": "@sys.any",
        "userDefined": true
      }
    ],
    "isTemplate": false,
    "count": 0,
    "updated": 0
  },
  {
    "id": "363d2aa3-6f7e-4946-82cc-d521673de8e6",
    "data": [
      {
        "text": "Is there any ",
        "userDefined": false
      },
      {
        "text": "announcement",
        "alias": "any",
        "meta": "@sys.any",
        "userDefined": true
      },
      {
        "text": " from government?",
        "userDefined": false
      }
    ],
    "isTemplate": false,
    "count": 0,
    "updated": 0
  },
  {
    "id": "7524c45d-c071-436c-9fc7-ae512a1d13b4",
    "data": [
      {
        "text": "What\u0027s the latest ",
        "userDefined": false
      },
      {
        "text": "news",
        "alias": "any",
        "meta": "@sys.any",
        "userDefined": true
      },
      {
        "text": " on covid ",
        "userDefined": false
      },
      {
        "text": "19",
        "meta": "@sys.ignore",
        "userDefined": false
      },
      {
        "text": "?",
        "userDefined": false
      }
    ],
    "isTemplate": false,
    "count": 0,
    "updated": 0
  }
]