[
  {
    "id": "19ff5a3d-6cab-438e-8328-10cd8764e159",
    "data": [
      {
        "text": "upload",
        "userDefined": false
      }
    ],
    "isTemplate": false,
    "count": 0,
    "updated": 0
  },
  {
    "id": "23c0da35-39eb-47aa-8cab-ff83fd029ba6",
    "data": [
      {
        "text": "upload my record",
        "userDefined": false
      }
    ],
    "isTemplate": false,
    "count": 0,
    "updated": 0
  },
  {
    "id": "21f7e162-2119-4114-baf8-43b456aa74a3",
    "data": [
      {
        "text": "upload ",
        "userDefined": false
      },
      {
        "text": "temperature",
        "meta": "@sys.ignore",
        "userDefined": false
      }
    ],
    "isTemplate": false,
    "count": 0,
    "updated": 0
  },
  {
    "id": "505cfeb1-20bd-43ed-b02a-7b853d330353",
    "data": [
      {
        "text": "Upload my ",
        "userDefined": false
      },
      {
        "text": "temp",
        "meta": "@sys.ignore",
        "userDefined": false
      }
    ],
    "isTemplate": false,
    "count": 0,
    "updated": 0
  },
  {
    "id": "fcba6d1e-5bd3-4173-8f7d-6e3f21f3f526",
    "data": [
      {
        "text": "Upload my ",
        "userDefined": false
      },
      {
        "text": "temperature",
        "meta": "@sys.ignore",
        "userDefined": false
      }
    ],
    "isTemplate": false,
    "count": 0,
    "updated": 0
  }
]