[
  {
    "id": "5a16adbd-e28a-4d37-9cb6-f621cb7a74b5",
    "data": [
      {
        "text": "upload",
        "userDefined": false
      }
    ],
    "isTemplate": false,
    "count": 0,
    "updated": 0
  },
  {
    "id": "6f9a5f6f-4ebf-4899-a568-d46b8ae777d7",
    "data": [
      {
        "text": "upload my record",
        "userDefined": false
      }
    ],
    "isTemplate": false,
    "count": 0,
    "updated": 0
  },
  {
    "id": "67213b07-75c2-476b-8a03-9f56b416a6f5",
    "data": [
      {
        "text": "upload ",
        "userDefined": false
      },
      {
        "text": "temperature",
        "meta": "@sys.ignore",
        "userDefined": false
      }
    ],
    "isTemplate": false,
    "count": 0,
    "updated": 0
  },
  {
    "id": "9ac797d6-2b63-4805-94e0-09a3c848666e",
    "data": [
      {
        "text": "Upload my ",
        "userDefined": false
      },
      {
        "text": "temp",
        "meta": "@sys.ignore",
        "userDefined": false
      }
    ],
    "isTemplate": false,
    "count": 0,
    "updated": 0
  },
  {
    "id": "29937870-918a-4584-8e92-f39c4e76211c",
    "data": [
      {
        "text": "Upload my ",
        "userDefined": false
      },
      {
        "text": "temperature",
        "meta": "@sys.ignore",
        "userDefined": false
      }
    ],
    "isTemplate": false,
    "count": 0,
    "updated": 0
  }
]