[
  {
    "id": "94c62d54-baaf-4b39-a821-e4bd70967b01",
    "data": [
      {
        "text": "upload",
        "userDefined": false
      }
    ],
    "isTemplate": false,
    "count": 0,
    "updated": 0
  },
  {
    "id": "ca98203d-3878-4e6e-8bc8-27cfa3d257ee",
    "data": [
      {
        "text": "upload my record",
        "userDefined": false
      }
    ],
    "isTemplate": false,
    "count": 0,
    "updated": 0
  },
  {
    "id": "86051cce-07a8-475a-afe1-52ded5ae0569",
    "data": [
      {
        "text": "upload ",
        "userDefined": false
      },
      {
        "text": "temperature",
        "meta": "@sys.ignore",
        "userDefined": false
      }
    ],
    "isTemplate": false,
    "count": 0,
    "updated": 0
  },
  {
    "id": "fd70c8b5-ed05-4fce-97d5-aa8260bb67c6",
    "data": [
      {
        "text": "Upload my ",
        "userDefined": false
      },
      {
        "text": "temp",
        "meta": "@sys.ignore",
        "userDefined": false
      }
    ],
    "isTemplate": false,
    "count": 0,
    "updated": 0
  },
  {
    "id": "81309a08-28f2-4f20-8a4c-47add2476a4a",
    "data": [
      {
        "text": "Upload my ",
        "userDefined": false
      },
      {
        "text": "temperature",
        "meta": "@sys.ignore",
        "userDefined": false
      }
    ],
    "isTemplate": false,
    "count": 0,
    "updated": 0
  }
]